{
    "AutoboxParams": {
        "UpRatios": [
            0.8500000238418579,
            0.15000000596046449,
            0.8500000238418579,
            0.8500000238418579,
            0.8500000238418579,
            0.8500000238418579,
            0.8500000238418579,
            4.472130162024291e21,
            0.15768450498580934,
            -0.35355344414711,
            -0.35355326533317568,
            2.802596928649634e-44,
            0.1464466154575348,
            0.0,
            134665087945260660000.0,
            7.342803953062042e-43,
            135206153219242720000.0,
            7.342803953062042e-43,
            135200453350964330000.0,
            7.342803953062042e-43,
            135204253263149920000.0,
            7.342803953062042e-43,
            135281799619233710000.0,
            7.342803953062042e-43,
            3.6433760072445244e-44,
            -1.4740999937057496,
            0.15768450498580934,
            -0.4999999701976776,
            8.742277657347586e-8,
            3.363116314379561e-44,
            0.26674216985702517,
            3.6807626502727109e-40
        ],
        "DownRatios": [
            0.699999988079071,
            0.699999988079071,
            0.699999988079071,
            0.699999988079071,
            0.699999988079071,
            0.699999988079071,
            0.699999988079071,
            7.342803953062042e-43,
            135273355369932390000.0,
            7.342803953062042e-43,
            1.1191300947298392e27,
            4.400651850751021e-22,
            -0.15768450498580934,
            0.4619397521018982,
            -0.19134172797203065,
            1.5414283107572988e-44,
            0.03778603672981262,
            0.0,
            0.0,
            0.0,
            135152954448644400000.0,
            7.342803953062042e-43,
            135208686494033120000.0,
            7.342803953062042e-43,
            135210586450125910000.0,
            7.342803953062042e-43,
            135274059057374170000.0,
            7.342803953062042e-43,
            2.1019476964872256e-44,
            1.401298464324817e-45,
            -0.15768450498580934,
            0.4999999701976776
        ],
        "Latency": 0.10000000149011612
    },
    "ClutchCommandResponseParams": {
        "MaxResponse": 10.0
    },
    "EngineParams": {
        "TorqueCurve": [
            [
                0.0,
                1.0
            ],
            [
                0.5,
                1.0499999523162842
            ],
            [
                1.0,
                1.0
            ]
        ],
        "MOI": 0.30000001192092898,
        "PeakTorque": 1195.0,
        "IdleOmega": 5.0,
        "MaxOmega": 1303.02685546875,
        "DampingRateFullThrottle": 0.05000000074505806,
        "DampingRateZeroThrottleClutchEngaged": 1.0,
        "DampingRateZeroThrottleClutchDisengaged": 0.15000000596046449
    },
    "GearboxParams": {
        "NeutralGear": 1,
        "FinalRatio": 6.949999809265137,
        "SwitchTime": 0.04800000041723251,
        "Ratios": [
            -5.0,
            0.0,
            5.5,
            3.5,
            2.5,
            1.7999999523162842,
            1.2999999523162842
        ]
    },
    "MultiWheelDifferentialParams": {
        "TorqueRatios": [
            0.25,
            0.25,
            0.25,
            0.25,
            0.0,
            0.0,
            0.0,
            0.0,
            0.0,
            0.0,
            0.0,
            0.0,
            0.0,
            0.0,
            0.0,
            0.0,
            0.0,
            0.0,
            0.0,
            0.0
        ],
        "AveWheelSpeedRatios": [
            0.25,
            0.25,
            0.25,
            0.25,
            0.0,
            0.0,
            0.0,
            0.0,
            0.0,
            0.0,
            0.0,
            0.0,
            0.0,
            0.0,
            0.0,
            0.0,
            0.0,
            0.0,
            0.0,
            0.0
        ]
    },
    "FourWheelDifferentialParams": {
        "TorqueRatios": [
            0.019138755276799203,
            0.019138755276799203,
            0.48086124658584597,
            0.48086124658584597,
            0.0,
            0.0,
            0.0,
            0.0,
            0.0,
            0.0,
            0.0,
            0.0,
            0.0,
            0.0,
            0.0,
            0.0,
            0.0,
            0.0,
            0.0,
            0.0
        ],
        "AveWheelSpeedRatios": [
            0.25,
            0.25,
            0.25,
            0.25,
            0.0,
            0.0,
            0.0,
            0.0,
            0.0,
            0.0,
            0.0,
            0.0,
            0.0,
            0.0,
            0.0,
            0.0,
            0.0,
            0.0,
            0.0,
            0.0
        ],
        "FrontWheelIds": [
            0,
            1
        ],
        "RearWheelIds": [
            2,
            3
        ],
        "CenterBias": 2.0,
        "CenterTarget": 0.30000001192092898,
        "FrontBias": 1.5,
        "FrontTarget": 1.2899999618530274,
        "RearBias": 10.100000381469727,
        "RearTarget": 1.2899999618530274,
        "Rate": 46.900001525878909
    },
    "TankDifferentialParams": {
        "TorqueRatios": [
            0.25,
            0.25,
            0.25,
            0.25,
            0.0,
            0.0,
            0.0,
            0.0,
            0.0,
            0.0,
            0.0,
            0.0,
            0.0,
            0.0,
            0.0,
            0.0,
            0.0,
            0.0,
            0.0,
            0.0
        ],
        "AveWheelSpeedRatios": [
            0.25,
            0.25,
            0.25,
            0.25,
            0.0,
            0.0,
            0.0,
            0.0,
            0.0,
            0.0,
            0.0,
            0.0,
            0.0,
            0.0,
            0.0,
            0.0,
            0.0,
            0.0,
            0.0,
            0.0
        ],
        "TankTracks": [
            [
                0,
                2
            ],
            [
                1,
                3
            ]
        ]
    },
    "ClutchParams": {
        "AccuracyMode": 1,
        "EstimateIterations": 5
    }
}
