{
    "AutoboxParams": {
        "UpRatios": [
            0.8500000238418579,
            0.15000000596046449,
            0.8500000238418579,
            0.8500000238418579,
            0.8500000238418579,
            0.8500000238418579,
            0.8500000238418579,
            0.0,
            0.0,
            0.0,
            0.0,
            0.0,
            0.0,
            0.0,
            0.0,
            0.0,
            0.0,
            0.0,
            0.0,
            0.0,
            0.0,
            0.0,
            0.0,
            0.0,
            0.0,
            0.0,
            0.0,
            0.0,
            0.0,
            0.0,
            0.0,
            0.0
        ],
        "DownRatios": [
            0.699999988079071,
            0.699999988079071,
            0.699999988079071,
            0.699999988079071,
            0.699999988079071,
            0.699999988079071,
            0.699999988079071,
            0.0,
            0.0,
            0.0,
            0.0,
            0.0,
            0.0,
            0.0,
            0.0,
            0.0,
            0.0,
            0.0,
            0.0,
            0.0,
            0.0,
            0.0,
            0.0,
            0.0,
            0.0,
            0.0,
            0.0,
            0.0,
            0.0,
            0.0,
            0.0,
            0.0
        ],
        "Latency": 0.10000000149011612
    },
    "ClutchCommandResponseParams": {
        "MaxResponse": 10.0
    },
    "EngineParams": {
        "TorqueCurve": [
            [
                0.0,
                1.0
            ],
            [
                0.5,
                1.0499999523162842
            ],
            [
                1.0,
                1.0
            ]
        ],
        "MOI": 0.30000001192092898,
        "PeakTorque": 10568.0,
        "IdleOmega": 5.0,
        "MaxOmega": 1733.0057373046876,
        "DampingRateFullThrottle": 0.05000000074505806,
        "DampingRateZeroThrottleClutchEngaged": 1.0,
        "DampingRateZeroThrottleClutchDisengaged": 0.15000000596046449
    },
    "GearboxParams": {
        "NeutralGear": 1,
        "FinalRatio": 5.0,
        "SwitchTime": 0.15000000596046449,
        "Ratios": [
            -5.0,
            0.0,
            5.5,
            3.5,
            2.5,
            1.7999999523162842,
            1.2999999523162842
        ]
    },
    "MultiWheelDifferentialParams": {
        "TorqueRatios": [
            0.25,
            0.25,
            0.25,
            0.25,
            0.0,
            0.0,
            0.0,
            0.0,
            0.0,
            0.0,
            0.0,
            0.0,
            0.0,
            0.0,
            0.0,
            0.0,
            0.0,
            0.0,
            0.0,
            0.0
        ],
        "AveWheelSpeedRatios": [
            0.25,
            0.25,
            0.25,
            0.25,
            0.0,
            0.0,
            0.0,
            0.0,
            0.0,
            0.0,
            0.0,
            0.0,
            0.0,
            0.0,
            0.0,
            0.0,
            0.0,
            0.0,
            0.0,
            0.0
        ]
    },
    "FourWheelDifferentialParams": {
        "TorqueRatios": [
            0.20132742822170258,
            0.20132742822170258,
            0.29867255687713625,
            0.29867255687713625,
            0.0,
            0.0,
            0.0,
            0.0,
            0.0,
            0.0,
            0.0,
            0.0,
            0.0,
            0.0,
            0.0,
            0.0,
            0.0,
            0.0,
            0.0,
            0.0
        ],
        "AveWheelSpeedRatios": [
            0.25,
            0.25,
            0.25,
            0.25,
            0.0,
            0.0,
            0.0,
            0.0,
            0.0,
            0.0,
            0.0,
            0.0,
            0.0,
            0.0,
            0.0,
            0.0,
            0.0,
            0.0,
            0.0,
            0.0
        ],
        "FrontWheelIds": [
            0,
            1
        ],
        "RearWheelIds": [
            2,
            3
        ],
        "CenterBias": 8.100000381469727,
        "CenterTarget": 0.30000001192092898,
        "FrontBias": 1.5,
        "FrontTarget": 1.2899999618530274,
        "RearBias": 1.2000000476837159,
        "RearTarget": 1.2899999618530274,
        "Rate": 15.0
    },
    "TankDifferentialParams": {
        "TorqueRatios": [
            0.25,
            0.25,
            0.25,
            0.25,
            0.0,
            0.0,
            0.0,
            0.0,
            0.0,
            0.0,
            0.0,
            0.0,
            0.0,
            0.0,
            0.0,
            0.0,
            0.0,
            0.0,
            0.0,
            0.0
        ],
        "AveWheelSpeedRatios": [
            0.25,
            0.25,
            0.25,
            0.25,
            0.0,
            0.0,
            0.0,
            0.0,
            0.0,
            0.0,
            0.0,
            0.0,
            0.0,
            0.0,
            0.0,
            0.0,
            0.0,
            0.0,
            0.0,
            0.0
        ],
        "TankTracks": [
            [
                0,
                2
            ],
            [
                1,
                3
            ]
        ]
    },
    "ClutchParams": {
        "AccuracyMode": 1,
        "EstimateIterations": 5
    }
}
